PDFファイル,ページ番号,図番号,x0,y0,x1,y1
whitepaper2023_all.pdf,9,【第111-1-1】,37.29970169067383,64.42608642578125,47.29970169067383,77.45809173583984
whitepaper2023_all.pdf,9,【第111-2-1】,107.38629913330078,512.6466064453125,117.38629913330078,525.6785888671875
whitepaper2023_all.pdf,9,【第111-2-2】,302.976806640625,64.42608642578125,312.976806640625,77.45809173583984
whitepaper2023_all.pdf,10,【第111-2-3】,40.29869842529297,64.42608642578125,50.29869842529297,77.45809173583984
whitepaper2023_all.pdf,11,【第111-3-1】,302.976806640625,374.1741027832031,312.976806640625,387.20611572265625
whitepaper2023_all.pdf,11,【第111-3-2】,37.29970169067383,594.851318359375,47.29970169067383,607.88330078125
whitepaper2023_all.pdf,12,【第111-4-3】,40.29869842529297,400.4261169433594,50.29869842529297,413.4581298828125
whitepaper2023_all.pdf,12,【第111-4-4】,305.97589111328125,64.42608642578125,315.97589111328125,88.4560775756836
whitepaper2023_all.pdf,12,【第111-4-5】,305.97589111328125,232.42608642578125,315.97589111328125,256.4560852050781
whitepaper2023_all.pdf,12,【第111-4-1】,40.29869842529297,64.42608642578125,50.29869842529297,77.45809173583984
whitepaper2023_all.pdf,12,【第111-4-2】,40.29869842529297,274.42608642578125,50.29869842529297,298.4560852050781
whitepaper2023_all.pdf,13,【第111-6-1】,302.976806640625,64.42608642578125,312.976806640625,88.4560775756836
whitepaper2023_all.pdf,14,【第111-7-2】,305.97589111328125,64.42608642578125,315.97589111328125,88.4560775756836
whitepaper2023_all.pdf,14,【第111-7-1】,40.29869842529297,64.42608642578125,50.29869842529297,77.45809173583984
whitepaper2023_all.pdf,18,【第112-4-1】,40.29869842529297,64.42608642578125,50.29869842529297,77.45809173583984
whitepaper2023_all.pdf,22,【第114-2-1】,53.69240188598633,64.42608642578125,63.69240188598633,77.45809173583984
whitepaper2023_all.pdf,25,【第121-1-1】,50.69340133666992,504.67413330078125,60.69340133666992,517.7061157226562
whitepaper2023_all.pdf,26,【第121-1-2】,40.29869842529297,64.42608642578125,50.29869842529297,88.4560775756836
whitepaper2023_all.pdf,26,【第121-1-3】,305.97589111328125,64.42608642578125,315.97589111328125,88.4560775756836
whitepaper2023_all.pdf,27,【第121-1-4】,50.69340133666992,64.42608642578125,60.69340133666992,77.45809173583984
whitepaper2023_all.pdf,28,【第121-1-5】,40.29869842529297,64.42608642578125,50.29869842529297,88.4560775756836
whitepaper2023_all.pdf,29,【第121-2-1】,37.29970169067383,64.42608642578125,47.29970169067383,88.4560775756836
whitepaper2023_all.pdf,29,【第121-2-2】,302.976806640625,64.42608642578125,312.976806640625,88.4560775756836
whitepaper2023_all.pdf,30,【第121-2-4】,293.13739013671875,601.6152954101562,303.13739013671875,614.6472778320312
whitepaper2023_all.pdf,30,【第121-2-3】,40.29869842529297,64.42608642578125,50.29869842529297,88.4560775756836
whitepaper2023_all.pdf,31,【第121-2-5】,52.11069869995117,204.42608642578125,62.11069869995117,217.4580841064453
whitepaper2023_all.pdf,31,【第121-2-6】,290.1383972167969,512.4260864257812,300.1383972167969,525.4580688476562
whitepaper2023_all.pdf,32,【第121-2-7】,293.13739013671875,64.42608642578125,303.13739013671875,77.45809173583984
whitepaper2023_all.pdf,32,【第121-2-8】,293.13739013671875,246.42608642578125,303.13739013671875,259.4580993652344
whitepaper2023_all.pdf,32,【第121-2-9】,67.8656997680664,484.4261169433594,77.8656997680664,497.4581298828125
whitepaper2023_all.pdf,33,【第121-2-10】,52.11069869995117,232.42608642578125,63.11069869995117,245.4580841064453
whitepaper2023_all.pdf,34,【第121-3-1】,40.29869842529297,64.42608642578125,50.29869842529297,77.45809173583984
whitepaper2023_all.pdf,34,【第121-3-2】,40.29869842529297,232.42608642578125,50.29869842529297,245.4580841064453
whitepaper2023_all.pdf,34,【第121-3-3】,305.97589111328125,64.42608642578125,315.97589111328125,77.45809173583984
whitepaper2023_all.pdf,34,【第121-3-4】,305.97589111328125,232.42608642578125,315.97589111328125,245.4580841064453
whitepaper2023_all.pdf,35,【第121-3-6】,37.29970169067383,316.42608642578125,47.29970169067383,329.4580993652344
whitepaper2023_all.pdf,35,【第121-3-7】,302.9768981933594,64.42608642578125,312.9768981933594,77.45809173583984
whitepaper2023_all.pdf,35,【第121-3-5】,37.29970169067383,64.42608642578125,47.29970169067383,77.45809173583984
whitepaper2023_all.pdf,36,【第121-3-8】,40.29869842529297,64.42608642578125,50.29869842529297,77.45809173583984
whitepaper2023_all.pdf,36,【第121-3-10】,305.97589111328125,64.42608642578125,316.97589111328125,88.4560775756836
whitepaper2023_all.pdf,36,【第121-3-9】,53.69240188598633,518.31591796875,63.69240188598633,531.347900390625
whitepaper2023_all.pdf,37,【第121-4-1】,302.976806640625,64.42608642578125,312.976806640625,77.45809173583984
whitepaper2023_all.pdf,37,【第121-3-11】,37.29970169067383,64.42608642578125,48.29970169067383,88.4560775756836
whitepaper2023_all.pdf,38,【第121-4-2】,40.29869842529297,64.42608642578125,50.29869842529297,88.4560775756836
whitepaper2023_all.pdf,40,【第122-1-1】,40.29869842529297,64.42608642578125,50.29869842529297,77.45809173583984
whitepaper2023_all.pdf,40,【第122-1-2】,40.29869842529297,232.42608642578125,50.29869842529297,256.4560852050781
whitepaper2023_all.pdf,41,【第122-1-3】,52.11069869995117,265.614990234375,62.11069869995117,278.6470031738281
whitepaper2023_all.pdf,41,【第122-1-4】,290.1383972167969,531.6150512695312,300.1383972167969,555.6449584960938
whitepaper2023_all.pdf,42,【第122-1-5】,305.97589111328125,358.4261169433594,315.97589111328125,371.4581298828125
whitepaper2023_all.pdf,42,【第122-1-6】,305.97589111328125,526.4260864257812,315.97589111328125,539.4580688476562
whitepaper2023_all.pdf,43,【第122-1-7】,37.29970169067383,64.42608642578125,47.29970169067383,88.4560775756836
whitepaper2023_all.pdf,43,【第122-1-8】,302.976806640625,64.42608642578125,312.976806640625,77.45809173583984
whitepaper2023_all.pdf,43,【第122-1-9】,302.976806640625,162.42608642578125,312.976806640625,175.4580841064453
whitepaper2023_all.pdf,44,【第122-1-11】,40.29869842529297,330.4261169433594,51.29869842529297,343.4581298828125
whitepaper2023_all.pdf,44,【第122-1-12】,305.97589111328125,330.4261169433594,316.97589111328125,354.45611572265625
whitepaper2023_all.pdf,44,【第122-1-10】,53.69240188598633,64.42608642578125,64.69240188598633,77.45809173583984
whitepaper2023_all.pdf,45,【第122-2-1】,37.29970169067383,64.42608642578125,47.29970169067383,88.4560775756836
whitepaper2023_all.pdf,45,【第122-2-2】,302.976806640625,64.42608642578125,312.976806640625,88.4560775756836
whitepaper2023_all.pdf,46,【第122-2-3】,305.97589111328125,64.42608642578125,315.97589111328125,77.45809173583984
whitepaper2023_all.pdf,46,【第122-2-4】,305.97589111328125,260.42608642578125,315.97589111328125,273.4580993652344
whitepaper2023_all.pdf,47,【第122-2-5】,37.29970169067383,64.42608642578125,47.29970169067383,88.4560775756836
whitepaper2023_all.pdf,47,【第122-2-6】,302.976806640625,64.42608642578125,312.976806640625,77.45809173583984
whitepaper2023_all.pdf,48,【第122-2-7】,293.13739013671875,64.426025390625,303.13739013671875,88.45601654052734
whitepaper2023_all.pdf,48,【第122-2-8】,55.109798431396484,372.4261169433594,65.10979843139648,385.4581298828125
whitepaper2023_all.pdf,49,【第122-2-9】,52.11069869995117,64.42608642578125,62.11069869995117,77.45809173583984
whitepaper2023_all.pdf,50,【第131-1-1】,305.7055969238281,148.42608642578125,315.7055969238281,161.4580841064453
whitepaper2023_all.pdf,50,【第131-1-2】,305.97589111328125,302.42608642578125,315.97589111328125,315.4580993652344
whitepaper2023_all.pdf,51,【第131-1-4】,37.29970169067383,414.4261169433594,47.29970169067383,427.4581298828125
whitepaper2023_all.pdf,51,【第131-1-3】,50.69340133666992,64.42608642578125,60.69340133666992,77.45809173583984
whitepaper2023_all.pdf,52,【第131-2-2】,40.29869842529297,428.4261169433594,50.29869842529297,441.4581298828125
whitepaper2023_all.pdf,52,【第131-1-5】,40.29869842529297,64.42608642578125,50.29869842529297,77.45809173583984
whitepaper2023_all.pdf,52,【第131-2-1】,40.29869842529297,232.42608642578125,50.29869842529297,256.4560852050781
whitepaper2023_all.pdf,53,【第131-3-2】,303.02191162109375,302.42608642578125,313.02191162109375,315.4580993652344
whitepaper2023_all.pdf,53,【第131-3-1】,50.69340133666992,64.42608642578125,60.69340133666992,77.45809173583984
whitepaper2023_all.pdf,57,【第132-1-1】,37.29970169067383,64.42608642578125,47.29970169067383,77.45809173583984
whitepaper2023_all.pdf,57,【第132-1-2】,37.29970169067383,246.42608642578125,47.29970169067383,259.9480285644531
whitepaper2023_all.pdf,57,【第132-1-3】,302.976806640625,64.42608642578125,312.976806640625,77.94815063476562
whitepaper2023_all.pdf,58,【第132-1-4】,53.69240188598633,64.42608642578125,63.69240188598633,77.94802856445312
whitepaper2023_all.pdf,58,【第132-1-5】,53.69240188598633,414.4261169433594,63.69240188598633,427.94805908203125
whitepaper2023_all.pdf,59,【第132-1-6】,37.29970169067383,64.42608642578125,47.29970169067383,77.94815063476562
whitepaper2023_all.pdf,59,【第132-1-7】,37.29970169067383,344.4261169433594,47.29970169067383,357.4581298828125
whitepaper2023_all.pdf,65,【第132-2-1】,50.69340133666992,64.42608642578125,60.69340133666992,77.45809173583984
whitepaper2023_all.pdf,66,【第132-2-2】,46.637298583984375,162.42608642578125,56.637298583984375,186.45606994628906
whitepaper2023_all.pdf,66,【第132-2-3】,299.63739013671875,162.42608642578125,309.63739013671875,186.45606994628906
whitepaper2023_all.pdf,71,【第132-3-1】,50.69340133666992,64.42608642578125,60.69340133666992,77.45809173583984
whitepaper2023_all.pdf,74,【第211-1-1】,305.97589111328125,148.42608642578125,315.97589111328125,161.4580841064453
whitepaper2023_all.pdf,74,【第211-1-2】,305.97589111328125,474.2532043457031,315.97589111328125,498.283203125
whitepaper2023_all.pdf,75,【第211-1-3】,145.6540069580078,391.6150207519531,155.6540069580078,404.64703369140625
whitepaper2023_all.pdf,76,【第211-2-1】,305.97589111328125,64.42608642578125,315.97589111328125,88.4560775756836
whitepaper2023_all.pdf,76,【第211-2-2】,305.97589111328125,540.4260864257812,315.97589111328125,564.4561157226562
whitepaper2023_all.pdf,77,【第211-3-1】,37.29970169067383,64.42608642578125,47.29970169067383,77.45809173583984
whitepaper2023_all.pdf,77,【第211-3-2】,37.29970169067383,288.42608642578125,47.29970169067383,301.4580993652344
whitepaper2023_all.pdf,77,【第211-3-3】,37.29970169067383,526.4260864257812,47.29970169067383,539.4580688476562
whitepaper2023_all.pdf,77,【第211-4-1】,302.976806640625,64.42608642578125,312.976806640625,77.45809173583984
whitepaper2023_all.pdf,78,【第212-1-1】,40.29869842529297,509.67352294921875,50.29869842529297,522.7055053710938
whitepaper2023_all.pdf,78,【第212-1-2】,305.97589111328125,64.42608642578125,315.97589111328125,77.45809173583984
whitepaper2023_all.pdf,78,【第212-1-3】,305.97589111328125,316.42608642578125,315.97589111328125,329.4580993652344
whitepaper2023_all.pdf,79,【第212-1-4】,37.29970169067383,64.42608642578125,47.29970169067383,77.45809173583984
whitepaper2023_all.pdf,79,【第212-1-5】,37.29970169067383,302.42608642578125,47.29970169067383,315.4580993652344
whitepaper2023_all.pdf,79,【第212-1-6】,302.976806640625,64.42608642578125,312.976806640625,77.45809173583984
whitepaper2023_all.pdf,79,【第212-1-7】,302.976806640625,260.42608642578125,312.976806640625,273.4580993652344
whitepaper2023_all.pdf,80,【第212-1-8】,40.29869842529297,64.42608642578125,50.29869842529297,77.45809173583984
whitepaper2023_all.pdf,80,【第212-1-9】,40.29869842529297,330.4261169433594,50.29869842529297,343.4581298828125
whitepaper2023_all.pdf,80,【第212-1-10】,305.97589111328125,64.42608642578125,316.97589111328125,77.45809173583984
whitepaper2023_all.pdf,80,【第212-2-1】,305.97589111328125,274.42608642578125,315.97589111328125,287.4580993652344
whitepaper2023_all.pdf,81,【第212-2-2】,37.29970169067383,64.42608642578125,47.29970169067383,77.45809173583984
whitepaper2023_all.pdf,81,【第212-2-3】,302.9768981933594,64.42608642578125,312.9768981933594,77.45809173583984
whitepaper2023_all.pdf,81,【第212-2-4】,302.976806640625,274.42608642578125,312.976806640625,287.4580993652344
whitepaper2023_all.pdf,81,【第212-2-5】,302.976806640625,456.4261169433594,312.976806640625,469.4581298828125
whitepaper2023_all.pdf,82,【第212-2-6】,40.29869842529297,64.42608642578125,50.29869842529297,88.4560775756836
whitepaper2023_all.pdf,82,【第212-2-7】,40.29869842529297,246.42608642578125,50.29869842529297,259.4580993652344
whitepaper2023_all.pdf,82,【第212-3-1】,305.97589111328125,64.42608642578125,315.97589111328125,77.45809173583984
whitepaper2023_all.pdf,82,【第212-3-2】,305.97589111328125,274.42608642578125,315.97589111328125,287.4580993652344
whitepaper2023_all.pdf,83,【第212-3-3】,37.29970169067383,64.42608642578125,47.29970169067383,77.45809173583984
whitepaper2023_all.pdf,83,【第212-3-4】,37.29970169067383,288.42608642578125,47.29970169067383,301.4580993652344
whitepaper2023_all.pdf,83,【第212-3-5】,302.976806640625,64.42608642578125,312.976806640625,77.45809173583984
whitepaper2023_all.pdf,83,【第212-3-6】,302.976806640625,274.42608642578125,312.976806640625,287.4580993652344
whitepaper2023_all.pdf,83,【第212-3-7】,302.976806640625,512.4260864257812,312.976806640625,525.4580688476562
whitepaper2023_all.pdf,84,【第212-3-8】,40.29869842529297,64.42608642578125,50.29869842529297,77.45809173583984
whitepaper2023_all.pdf,84,【第212-3-9】,40.29869842529297,330.4261169433594,50.29869842529297,343.4581298828125
whitepaper2023_all.pdf,84,【第213-1-1】,305.97589111328125,372.4261169433594,315.97589111328125,385.4581298828125
whitepaper2023_all.pdf,84,【第213-1-2】,305.97589111328125,579.1735229492188,315.97589111328125,592.2055053710938
whitepaper2023_all.pdf,85,【第213-1-3】,37.29970169067383,64.42608642578125,47.29970169067383,77.45809173583984
whitepaper2023_all.pdf,85,【第213-1-4】,302.976806640625,64.42608642578125,312.976806640625,77.45809173583984
whitepaper2023_all.pdf,85,【第213-1-5】,302.976806640625,260.42608642578125,312.976806640625,284.4560852050781
whitepaper2023_all.pdf,85,【第213-1-6】,302.976806640625,484.4261169433594,312.976806640625,508.45611572265625
whitepaper2023_all.pdf,86,【第213-1-7】,305.97589111328125,64.42608642578125,315.97589111328125,88.4560775756836
whitepaper2023_all.pdf,87,【第213-1-8】,37.29970169067383,64.42608642578125,47.29970169067383,88.4560775756836
whitepaper2023_all.pdf,87,【第213-1-9】,302.9768981933594,64.42608642578125,312.9768981933594,77.45809173583984
whitepaper2023_all.pdf,87,【第213-1-10】,302.976806640625,288.42608642578125,313.976806640625,301.4580993652344
whitepaper2023_all.pdf,88,【第213-1-11】,40.29869842529297,64.42608642578125,51.29869842529297,77.45809173583984
whitepaper2023_all.pdf,88,【第213-1-12】,40.29869842529297,260.42608642578125,51.29869842529297,273.4580993652344
whitepaper2023_all.pdf,88,【第213-1-13】,305.97589111328125,64.42608642578125,316.97589111328125,77.45809173583984
whitepaper2023_all.pdf,89,【第213-1-14】,37.29970169067383,64.42608642578125,48.29970169067383,88.4560775756836
whitepaper2023_all.pdf,89,【第213-1-15】,37.29970169067383,274.42608642578125,48.29970169067383,287.4580993652344
whitepaper2023_all.pdf,89,【第213-1-16】,302.976806640625,64.42608642578125,313.976806640625,77.45809173583984
whitepaper2023_all.pdf,89,【第213-1-17】,302.9768981933594,358.4261169433594,313.9768981933594,371.4581298828125
whitepaper2023_all.pdf,90,【第213-1-18】,40.29869842529297,64.42608642578125,51.29869842529297,77.45809173583984
whitepaper2023_all.pdf,90,【第213-1-19】,305.97589111328125,64.42608642578125,316.97589111328125,88.4560775756836
whitepaper2023_all.pdf,90,【第213-1-20】,305.97589111328125,274.42608642578125,316.97589111328125,287.4580993652344
whitepaper2023_all.pdf,91,【第213-1-21】,37.29970169067383,64.42608642578125,48.29970169067383,77.45809173583984
whitepaper2023_all.pdf,91,【第213-1-22】,302.976806640625,64.42608642578125,313.976806640625,77.45809173583984
whitepaper2023_all.pdf,92,【第213-1-23】,40.29869842529297,64.42608642578125,51.29869842529297,77.45809173583984
whitepaper2023_all.pdf,92,【第213-1-24】,40.29869842529297,274.42608642578125,51.29869842529297,298.4560852050781
whitepaper2023_all.pdf,92,【第213-2-1】,305.97589111328125,64.42608642578125,315.97589111328125,77.45809173583984
whitepaper2023_all.pdf,93,【第213-2-2】,37.29970169067383,64.42608642578125,47.29970169067383,77.45809173583984
whitepaper2023_all.pdf,93,【第213-2-3】,37.29970169067383,316.42608642578125,47.29970169067383,329.4580993652344
whitepaper2023_all.pdf,93,【第213-2-4】,302.976806640625,64.42608642578125,312.976806640625,77.45809173583984
whitepaper2023_all.pdf,94,【第213-2-5】,40.29869842529297,64.42608642578125,50.29869842529297,77.45809173583984
whitepaper2023_all.pdf,96,【第213-2-6】,305.97589111328125,64.42608642578125,315.97589111328125,77.45809173583984
whitepaper2023_all.pdf,98,【第213-2-7】,40.29869842529297,64.42608642578125,50.29869842529297,77.45809173583984
whitepaper2023_all.pdf,98,【第213-2-8】,40.29869842529297,288.42608642578125,50.29869842529297,301.4580993652344
whitepaper2023_all.pdf,98,【第213-2-9】,305.97589111328125,64.42608642578125,315.97589111328125,77.45809173583984
whitepaper2023_all.pdf,98,【第213-2-10】,305.97589111328125,330.4261169433594,316.97589111328125,343.4581298828125
whitepaper2023_all.pdf,99,【第213-2-11】,37.29970169067383,64.42608642578125,48.29970169067383,77.45809173583984
whitepaper2023_all.pdf,99,【第213-2-12】,37.29970169067383,232.42608642578125,48.29970169067383,245.4580841064453
whitepaper2023_all.pdf,99,【第213-2-13】,37.29970169067383,414.4261169433594,48.29970169067383,438.45611572265625
whitepaper2023_all.pdf,99,【第213-2-14】,302.976806640625,64.42608642578125,313.976806640625,88.4560775756836
whitepaper2023_all.pdf,100,【第213-2-15】,40.29869842529297,64.42608642578125,51.29869842529297,88.4560775756836
whitepaper2023_all.pdf,100,【第213-2-16】,40.29869842529297,274.42608642578125,51.29869842529297,287.4580993652344
whitepaper2023_all.pdf,100,【第213-2-17】,305.97589111328125,64.42608642578125,316.97589111328125,88.4560775756836
whitepaper2023_all.pdf,100,【第213-2-18】,305.97589111328125,316.42608642578125,316.97589111328125,329.4580993652344
whitepaper2023_all.pdf,101,【第213-2-19】,37.29970169067383,64.42608642578125,48.29970169067383,88.4560775756836
whitepaper2023_all.pdf,101,【第213-2-20】,302.976806640625,64.42608642578125,313.976806640625,88.4560775756836
whitepaper2023_all.pdf,102,【第213-2-21】,40.29869842529297,64.42608642578125,51.29869842529297,77.45809173583984
whitepaper2023_all.pdf,102,【第213-2-22】,40.29869842529297,260.42608642578125,51.29869842529297,273.4580993652344
whitepaper2023_all.pdf,102,【第213-2-23】,305.97589111328125,64.42608642578125,316.97589111328125,77.45809173583984
whitepaper2023_all.pdf,102,【第213-2-24】,305.97589111328125,302.42608642578125,316.97589111328125,315.4580993652344
whitepaper2023_all.pdf,103,【第213-2-25】,37.29970169067383,64.42608642578125,48.29970169067383,77.45809173583984
whitepaper2023_all.pdf,103,【第213-2-26】,302.976806640625,64.42608642578125,313.976806640625,77.45809173583984
whitepaper2023_all.pdf,104,【第213-3-1】,40.29869842529297,64.42608642578125,50.29869842529297,77.45809173583984
whitepaper2023_all.pdf,104,【第213-3-2】,40.29869842529297,274.42608642578125,50.29869842529297,287.4580993652344
whitepaper2023_all.pdf,104,【第213-3-3】,305.97589111328125,64.42608642578125,315.97589111328125,77.45809173583984
whitepaper2023_all.pdf,104,【第213-3-4】,305.97589111328125,274.42608642578125,315.97589111328125,287.9480285644531
whitepaper2023_all.pdf,105,【第213-3-5】,37.29970169067383,64.42608642578125,47.29970169067383,88.4560775756836
whitepaper2023_all.pdf,105,【第214-1-1】,302.976806640625,64.42608642578125,312.976806640625,77.45809173583984
whitepaper2023_all.pdf,106,【第214-1-2】,40.29869842529297,64.42608642578125,50.29869842529297,88.45809173583984
whitepaper2023_all.pdf,106,【第214-1-3】,40.29869842529297,302.42608642578125,50.29869842529297,315.4580993652344
whitepaper2023_all.pdf,106,【第214-1-4】,305.97589111328125,64.42608642578125,315.97589111328125,77.45809173583984
whitepaper2023_all.pdf,106,【第214-1-5】,305.97589111328125,302.42608642578125,315.97589111328125,315.4580993652344
whitepaper2023_all.pdf,107,【第214-1-6】,37.29970169067383,64.42608642578125,47.29970169067383,77.45809173583984
whitepaper2023_all.pdf,107,【第214-1-7】,302.976806640625,64.42608642578125,312.976806640625,88.4560775756836
whitepaper2023_all.pdf,108,【第214-1-8】,40.29869842529297,64.42608642578125,50.29869842529297,77.45809173583984
whitepaper2023_all.pdf,108,【第214-1-9】,40.29869842529297,358.4261169433594,50.29869842529297,382.45611572265625
whitepaper2023_all.pdf,108,【第214-1-10】,305.97589111328125,64.42608642578125,316.97589111328125,77.45809173583984
whitepaper2023_all.pdf,109,【第214-1-11】,37.29970169067383,64.42608642578125,48.29970169067383,77.45809173583984
whitepaper2023_all.pdf,109,【第214-1-12】,37.29970169067383,246.42608642578125,48.29970169067383,259.4580993652344
whitepaper2023_all.pdf,109,【第214-1-13】,302.976806640625,64.42608642578125,313.976806640625,77.45809173583984
whitepaper2023_all.pdf,110,【第214-2-1】,40.29869842529297,64.42608642578125,50.29869842529297,77.45809173583984
whitepaper2023_all.pdf,110,【第214-2-2】,40.29869842529297,414.4261169433594,50.29869842529297,427.4581298828125
whitepaper2023_all.pdf,110,【第214-2-3】,305.97589111328125,64.42608642578125,315.97589111328125,77.45809173583984
whitepaper2023_all.pdf,111,【第214-2-4】,37.29970169067383,64.42608642578125,47.29970169067383,77.45809173583984
whitepaper2023_all.pdf,111,【第214-2-5】,302.9768981933594,64.42608642578125,312.9768981933594,88.4560775756836
whitepaper2023_all.pdf,111,【第214-2-6】,302.976806640625,288.42608642578125,312.976806640625,312.4560852050781
whitepaper2023_all.pdf,112,【第214-2-7】,40.29869842529297,64.42608642578125,50.29869842529297,77.45809173583984
whitepaper2023_all.pdf,112,【第214-2-8】,40.29869842529297,288.42608642578125,50.29869842529297,301.4580993652344
whitepaper2023_all.pdf,112,【第214-2-9】,305.97589111328125,64.42608642578125,315.97589111328125,77.45809173583984
whitepaper2023_all.pdf,113,【第214-3-1】,37.29970169067383,64.42608642578125,47.29970169067383,77.45809173583984
whitepaper2023_all.pdf,113,【第214-3-2】,37.29970169067383,260.42608642578125,47.29970169067383,273.4580993652344
whitepaper2023_all.pdf,113,【第214-4-1】,302.976806640625,64.42608642578125,312.976806640625,77.45809173583984
whitepaper2023_all.pdf,114,【第214-4-2】,40.29869842529297,64.42608642578125,50.29869842529297,77.45809173583984
whitepaper2023_all.pdf,114,【第214-4-3】,305.97589111328125,64.42608642578125,315.97589111328125,77.45809173583984
whitepaper2023_all.pdf,114,【第214-4-4】,305.97589111328125,246.42608642578125,315.97589111328125,259.4580993652344
whitepaper2023_all.pdf,115,【第221-1-1】,37.29970169067383,573.1829223632812,47.29970169067383,597.212890625
whitepaper2023_all.pdf,115,【第221-1-2】,302.976806640625,148.42608642578125,312.976806640625,172.45606994628906
whitepaper2023_all.pdf,116,【第221-1-3】,40.29869842529297,64.42608642578125,50.29869842529297,88.4560775756836
whitepaper2023_all.pdf,116,【第221-1-4】,305.97589111328125,64.42608642578125,315.97589111328125,88.4560775756836
whitepaper2023_all.pdf,117,【第221-1-5】,290.1383972167969,64.42608642578125,300.1383972167969,88.4560775756836
whitepaper2023_all.pdf,118,【第222-1-1】,40.29869842529297,64.42608642578125,50.29869842529297,77.45809173583984
whitepaper2023_all.pdf,118,【第222-1-2】,40.29869842529297,330.4261169433594,50.29869842529297,354.45611572265625
whitepaper2023_all.pdf,118,【第222-1-3】,305.97589111328125,64.42608642578125,315.97589111328125,77.45809173583984
whitepaper2023_all.pdf,118,【第222-1-4】,305.97589111328125,260.42608642578125,315.97589111328125,273.4580993652344
whitepaper2023_all.pdf,119,【第222-1-5】,37.29970169067383,64.42608642578125,47.29970169067383,77.45809173583984
whitepaper2023_all.pdf,119,【第222-1-6】,302.976806640625,64.42608642578125,312.976806640625,77.45809173583984
whitepaper2023_all.pdf,120,【第222-1-7】,40.29869842529297,64.42608642578125,50.29869842529297,77.45809173583984
whitepaper2023_all.pdf,120,【第222-1-8】,40.29869842529297,232.42608642578125,50.29869842529297,245.4580841064453
whitepaper2023_all.pdf,120,【第222-1-9】,305.97589111328125,64.42608642578125,315.97589111328125,77.45809173583984
whitepaper2023_all.pdf,121,【第222-1-10】,37.29970169067383,64.42608642578125,48.29970169067383,77.45809173583984
whitepaper2023_all.pdf,121,【第222-1-11】,302.976806640625,64.42608642578125,313.976806640625,77.45809173583984
whitepaper2023_all.pdf,122,【第222-1-13】,40.29869842529297,358.4261169433594,51.29869842529297,382.45611572265625
whitepaper2023_all.pdf,122,【第222-1-14】,305.97589111328125,64.42608642578125,316.97589111328125,77.45809173583984
whitepaper2023_all.pdf,122,【第222-1-15】,305.97589111328125,260.3345947265625,316.97589111328125,284.3645935058594
whitepaper2023_all.pdf,122,【第222-1-12】,40.29869842529297,64.42608642578125,51.29869842529297,77.45809173583984
whitepaper2023_all.pdf,123,【第222-1-16】,37.29970169067383,64.42608642578125,48.29970169067383,88.4560775756836
whitepaper2023_all.pdf,123,【第222-1-17】,37.29970169067383,260.42608642578125,48.29970169067383,273.4580993652344
whitepaper2023_all.pdf,123,【第222-1-18】,302.976806640625,64.42608642578125,313.976806640625,88.4560775756836
whitepaper2023_all.pdf,123,【第222-1-19】,302.976806640625,302.42608642578125,313.976806640625,326.4560852050781
whitepaper2023_all.pdf,124,【第222-1-20】,40.29869842529297,64.42608642578125,51.29869842529297,77.45809173583984
whitepaper2023_all.pdf,124,【第222-1-21】,305.97589111328125,64.42608642578125,316.97589111328125,77.45809173583984
whitepaper2023_all.pdf,124,【第222-1-22】,53.69240188598633,436.4576110839844,64.69240188598633,449.4896240234375
whitepaper2023_all.pdf,125,【第222-1-23】,37.29970169067383,64.42608642578125,48.29970169067383,77.45809173583984
whitepaper2023_all.pdf,125,【第222-1-24】,37.29970169067383,302.42608642578125,48.29970169067383,315.4580993652344
whitepaper2023_all.pdf,125,【第222-1-25】,302.9768981933594,64.42608642578125,313.9768981933594,88.4560775756836
whitepaper2023_all.pdf,126,【第222-1-27】,40.29869842529297,274.42608642578125,51.29869842529297,287.4580993652344
whitepaper2023_all.pdf,126,【第222-1-28】,305.97589111328125,64.42608642578125,316.97589111328125,77.45809173583984
whitepaper2023_all.pdf,126,【第222-1-26】,40.29869842529297,64.42608642578125,51.29869842529297,77.45809173583984
whitepaper2023_all.pdf,127,【第222-1-29】,37.29970169067383,64.42608642578125,48.29970169067383,88.4560775756836
whitepaper2023_all.pdf,127,【第222-1-30】,37.29970169067383,274.42608642578125,48.29970169067383,287.4580993652344
whitepaper2023_all.pdf,127,【第222-1-31】,302.9768981933594,64.42608642578125,313.9768981933594,77.45809173583984
whitepaper2023_all.pdf,128,【第222-1-32】,40.29869842529297,64.42608642578125,51.29869842529297,77.45809173583984
whitepaper2023_all.pdf,128,【第222-1-33】,305.97589111328125,64.42608642578125,316.97589111328125,77.45809173583984
whitepaper2023_all.pdf,129,【第222-1-34】,37.29970169067383,64.42608642578125,48.29970169067383,77.45809173583984
whitepaper2023_all.pdf,129,【第222-1-35】,37.29970169067383,260.42608642578125,48.29970169067383,273.4580993652344
whitepaper2023_all.pdf,129,【第222-1-36】,302.976806640625,64.42608642578125,313.976806640625,77.45809173583984
whitepaper2023_all.pdf,130,【第222-1-37】,40.29869842529297,64.42608642578125,51.29869842529297,77.45809173583984
whitepaper2023_all.pdf,130,【第222-1-38】,40.29869842529297,358.4261169433594,51.29869842529297,371.4581298828125
whitepaper2023_all.pdf,130,【第222-1-39】,305.97589111328125,64.42608642578125,316.97589111328125,77.45809173583984
whitepaper2023_all.pdf,131,【第222-1-40】,302.976806640625,64.42608642578125,313.976806640625,77.45809173583984
whitepaper2023_all.pdf,131,【第222-1-41】,302.9768981933594,274.42608642578125,313.9768981933594,287.4580993652344
whitepaper2023_all.pdf,132,【第222-2-1】,40.29869842529297,64.42608642578125,50.29869842529297,77.45809173583984
whitepaper2023_all.pdf,132,【第222-2-2】,40.29869842529297,260.42608642578125,50.29869842529297,273.4580993652344
whitepaper2023_all.pdf,132,【第222-2-3】,40.29869842529297,442.4261169433594,50.29869842529297,455.4581298828125
whitepaper2023_all.pdf,132,【第222-2-4】,305.97589111328125,64.42608642578125,315.97589111328125,77.45809173583984
whitepaper2023_all.pdf,138,【第222-2-5】,40.29869842529297,64.42608642578125,50.29869842529297,77.45809173583984
whitepaper2023_all.pdf,138,【第222-2-6】,40.29869842529297,330.4261169433594,50.29869842529297,343.4581298828125
whitepaper2023_all.pdf,138,【第222-2-7】,305.97589111328125,64.42608642578125,315.97589111328125,77.94815063476562
whitepaper2023_all.pdf,139,【第222-2-8】,302.976806640625,64.42608642578125,312.976806640625,77.45809173583984
whitepaper2023_all.pdf,141,【第222-2-9】,302.976806640625,64.42608642578125,312.976806640625,77.45809173583984
whitepaper2023_all.pdf,141,【第222-2-10】,302.976806640625,246.42608642578125,313.976806640625,259.4580993652344
whitepaper2023_all.pdf,142,【第222-2-11】,40.29869842529297,64.42608642578125,51.29869842529297,77.45809173583984
whitepaper2023_all.pdf,142,【第222-2-12】,305.97589111328125,64.42608642578125,316.97589111328125,77.45809173583984
whitepaper2023_all.pdf,142,【第222-2-13】,305.97589111328125,302.42608642578125,316.97589111328125,315.4580993652344
whitepaper2023_all.pdf,143,【第222-2-14】,37.29970169067383,64.42608642578125,48.29970169067383,77.45809173583984
whitepaper2023_all.pdf,143,【第222-2-15】,302.976806640625,64.42608642578125,313.976806640625,77.45809173583984
whitepaper2023_all.pdf,144,【第222-2-16】,40.29869842529297,64.42608642578125,51.29869842529297,77.45809173583984
whitepaper2023_all.pdf,144,【第223-1-1】,305.97589111328125,64.42608642578125,315.97589111328125,77.45809173583984
whitepaper2023_all.pdf,144,【第223-1-2】,305.97589111328125,246.42608642578125,315.97589111328125,259.4580993652344
whitepaper2023_all.pdf,145,【第223-1-3】,37.29970169067383,64.42608642578125,47.29970169067383,77.45809173583984
whitepaper2023_all.pdf,145,【第223-1-4】,37.29970169067383,260.42608642578125,47.29970169067383,273.4580993652344
whitepaper2023_all.pdf,145,【第223-1-5】,302.976806640625,64.42608642578125,312.976806640625,77.45809173583984
whitepaper2023_all.pdf,146,【第223-1-6】,40.29869842529297,64.42608642578125,50.29869842529297,77.45809173583984
whitepaper2023_all.pdf,146,【第223-1-7】,40.29869842529297,260.42608642578125,50.29869842529297,284.4560852050781
whitepaper2023_all.pdf,146,【第223-1-8】,305.97589111328125,64.42608642578125,315.97589111328125,77.45809173583984
whitepaper2023_all.pdf,147,【第223-3-1】,302.976806640625,64.42608642578125,312.976806640625,77.45809173583984
whitepaper2023_all.pdf,147,【第223-4-1】,302.976806640625,400.4261169433594,312.976806640625,413.4581298828125
whitepaper2023_all.pdf,148,【第223-4-2】,40.29869842529297,64.42608642578125,50.29869842529297,77.45809173583984
whitepaper2023_all.pdf,148,【第224-1-1】,305.97589111328125,64.42608642578125,315.97589111328125,77.45809173583984
whitepaper2023_all.pdf,148,【第224-2-1】,305.97589111328125,302.42608642578125,315.97589111328125,326.4560852050781
whitepaper2023_all.pdf,149,【第224-3-1】,37.29970169067383,64.42608642578125,47.29970169067383,77.45809173583984
whitepaper2023_all.pdf,149,【第224-4-1】,37.29970169067383,232.42608642578125,47.29970169067383,245.4580841064453
whitepaper2023_all.pdf,149,【第224-5-1】,302.9768981933594,64.42608642578125,312.9768981933594,77.45809173583984
whitepaper2023_all.pdf,149,【第224-6-1】,302.976806640625,232.42608642578125,312.976806640625,245.4580841064453
whitepaper2023_all.pdf,160,【第314-3-1】,37.29970169067383,64.42608642578125,47.29970169067383,88.4560775756836
whitepaper2023_all.pdf,174,【第323-4-1】,37.29970169067383,64.42608642578125,47.29970169067383,77.45809173583984
whitepaper2023_all.pdf,176,【第331-1-1】,302.976806640625,64.42608642578125,312.976806640625,77.45809173583984
whitepaper2023_all.pdf,177,【第331-1-2】,40.29869842529297,64.42608642578125,50.29869842529297,77.45809173583984
whitepaper2023_all.pdf,177,【第331-2-1】,305.97589111328125,64.42608642578125,315.97589111328125,77.45809173583984
whitepaper2023_all.pdf,181,【第331-5-1】,305.97589111328125,64.42608642578125,315.97589111328125,77.45809173583984
whitepaper2023_all.pdf,182,【第331-5-2】,37.29970169067383,64.42608642578125,47.29970169067383,77.45809173583984
whitepaper2023_all.pdf,182,【第331-5-3】,37.29970169067383,218.42608642578125,47.29970169067383,231.4580841064453
whitepaper2023_all.pdf,182,【第331-5-4】,302.976806640625,64.42608642578125,312.976806640625,77.45809173583984
whitepaper2023_all.pdf,185,【第332-1-1】,305.97589111328125,64.42608642578125,315.97589111328125,88.4560775756836
whitepaper2023_all.pdf,187,【第333-1-1】,40.29869842529297,64.42608642578125,50.29869842529297,77.45809173583984
whitepaper2023_all.pdf,188,【第333-1-2】,37.29970169067383,64.42608642578125,47.29970169067383,77.45809173583984
whitepaper2023_all.pdf,188,【第333-2-1】,37.29970169067383,190.2894287109375,47.29970169067383,203.32142639160156
whitepaper2023_all.pdf,197,【第344-1-1】,305.97589111328125,64.42608642578125,315.97589111328125,77.45809173583984
whitepaper2023_all.pdf,198,【第344-1-2】,37.29970169067383,64.42608642578125,47.29970169067383,77.45809173583984
whitepaper2023_all.pdf,198,【第344-1-3】,302.9768981933594,64.42608642578125,312.9768981933594,77.45809173583984
whitepaper2023_all.pdf,199,【第344-1-4】,40.29869842529297,64.42608642578125,50.29869842529297,88.4560775756836
whitepaper2023_all.pdf,213,【第361-4-1】,40.29869842529297,64.42608642578125,50.29869842529297,77.45809173583984
whitepaper2023_all.pdf,214,【第361-4-2】,37.29970169067383,64.42608642578125,47.29970169067383,77.45809173583984
whitepaper2023_all.pdf,215,【第361-4-3】,40.29869842529297,64.42608642578125,50.29869842529297,88.4560775756836
whitepaper2023_all.pdf,219,【第361-4-4】,305.97589111328125,64.42608642578125,315.97589111328125,77.45809173583984
whitepaper2023_all.pdf,220,【第361-4-5】,37.29970169067383,64.42608642578125,47.29970169067383,77.45809173583984
whitepaper2023_all.pdf,222,【第361-5-1】,302.9768981933594,64.42608642578125,312.9768981933594,77.45809173583984
whitepaper2023_all.pdf,224,【第361-5-2】,302.9768981933594,64.42608642578125,312.9768981933594,88.4560775756836
whitepaper2023_all.pdf,228,【第362-2-1】,37.29970169067383,64.42608642578125,47.29970169067383,77.45809173583984
whitepaper2023_all.pdf,228,【第362-2-3】,37.29970169067383,428.4261169433594,47.29970169067383,441.4581298828125
whitepaper2023_all.pdf,228,【第362-2-2】,37.29970169067383,260.42608642578125,47.29970169067383,273.4580993652344
whitepaper2023_all.pdf,228,【第362-2-4】,302.976806640625,64.42608642578125,312.976806640625,88.4560775756836
whitepaper2023_all.pdf,229,【第362-3-1】,40.29869842529297,64.42608642578125,50.29869842529297,77.45809173583984
whitepaper2023_all.pdf,230,【第362-4-1】,37.29970169067383,64.42608642578125,47.29970169067383,88.4560775756836
whitepaper2023_all.pdf,240,【第382-1-1】,302.9768981933594,64.42608642578125,312.9768981933594,77.45809173583984
whitepaper2023_all.pdf,241,【第382-2-1】,40.29869842529297,64.42608642578125,50.29869842529297,77.45809173583984
whitepaper2023_all.pdf,241,【第382-2-2】,305.97589111328125,330.4261169433594,315.97589111328125,354.45611572265625
whitepaper2023_all.pdf,263,【第3111-1-2】,40.29869842529297,162.42608642578125,51.29869842529297,175.4580841064453
whitepaper2023_all.pdf,263,【第3111-1-1】,40.29869842529297,64.42608642578125,51.29869842529297,77.45809173583984
whitepaper2023_all.pdf,264,【第111-1-1】,39.54970169067383,169.8480987548828,49.54970169067383,186.0915985107422
whitepaper2023_all.pdf,264,【第111-2-1】,39.54970169067383,187.34461975097656,49.54970169067383,203.58811950683594
whitepaper2023_all.pdf,264,【第111-2-2】,39.54970169067383,204.84461975097656,49.54970169067383,221.08811950683594
whitepaper2023_all.pdf,264,【第111-2-3】,39.54970169067383,222.34461975097656,49.54970169067383,238.58811950683594
whitepaper2023_all.pdf,264,【第111-3-1】,39.54970169067383,239.84461975097656,49.54970169067383,256.088134765625
whitepaper2023_all.pdf,264,【第111-3-2】,39.54970169067383,257.3446350097656,49.54970169067383,273.588134765625
whitepaper2023_all.pdf,264,【第111-4-1】,39.54970169067383,274.8446350097656,49.54970169067383,291.088134765625
whitepaper2023_all.pdf,264,【第111-4-2】,39.54970169067383,292.3446350097656,49.54970169067383,308.588134765625
whitepaper2023_all.pdf,264,【第111-4-3】,39.54970169067383,309.8446350097656,49.54970169067383,326.088134765625
whitepaper2023_all.pdf,264,【第111-4-4】,39.54970169067383,327.3446350097656,49.54970169067383,343.588134765625
whitepaper2023_all.pdf,264,【第111-4-5】,39.54970169067383,344.8446350097656,49.54970169067383,361.088134765625
whitepaper2023_all.pdf,264,【第111-6-1】,39.54970169067383,379.8446350097656,49.54970169067383,396.088134765625
whitepaper2023_all.pdf,264,【第111-7-1】,39.54970169067383,397.3446350097656,49.54970169067383,413.588134765625
whitepaper2023_all.pdf,264,【第111-7-2】,39.54970169067383,414.8446350097656,49.54970169067383,431.088134765625
whitepaper2023_all.pdf,264,【第112-4-1】,39.54970169067383,432.3446350097656,49.54970169067383,448.588134765625
whitepaper2023_all.pdf,264,【第114-2-1】,39.54970169067383,449.8446350097656,49.54970169067383,466.088134765625
whitepaper2023_all.pdf,264,【第121-1-1】,39.54970169067383,504.6906433105469,49.54970169067383,520.9341430664062
whitepaper2023_all.pdf,264,【第121-1-2】,39.54970169067383,522.1870727539062,49.54970169067383,538.4306030273438
whitepaper2023_all.pdf,264,【第121-1-3】,39.54970169067383,539.6870727539062,49.54970169067383,555.9306030273438
whitepaper2023_all.pdf,264,【第121-1-4】,39.54970169067383,574.6871948242188,49.54970169067383,590.9307250976562
whitepaper2023_all.pdf,264,【第121-1-5】,39.54970169067383,592.1871948242188,49.54970169067383,608.4307250976562
whitepaper2023_all.pdf,264,【第121-2-1】,39.54970169067383,609.6871948242188,49.54970169067383,625.9307250976562
whitepaper2023_all.pdf,264,【第121-2-2】,39.54970169067383,627.1871948242188,49.54970169067383,643.4307250976562
whitepaper2023_all.pdf,264,【第121-2-3】,39.54970169067383,662.1871948242188,49.54970169067383,678.4307250976562
whitepaper2023_all.pdf,264,【第121-2-4】,39.54970169067383,697.1871948242188,49.54970169067383,713.4307250976562
whitepaper2023_all.pdf,264,【第121-2-5】,39.54970169067383,714.6871948242188,49.54970169067383,730.9307250976562
whitepaper2023_all.pdf,264,【第121-2-6】,39.54970169067383,732.1871948242188,49.54970169067383,748.4307250976562
whitepaper2023_all.pdf,264,【第121-2-7】,39.54970169067383,749.6871948242188,49.54970169067383,765.9307250976562
whitepaper2023_all.pdf,265,【第121-2-8】,39.54869842529297,62.81959533691406,49.54869842529297,79.06309509277344
whitepaper2023_all.pdf,265,【第121-2-9】,39.54869842529297,80.31959533691406,49.54869842529297,96.56309509277344
whitepaper2023_all.pdf,265,【第121-2-10】,39.54869842529297,97.81959533691406,50.54869842529297,114.06309509277344
whitepaper2023_all.pdf,265,【第121-3-1】,39.54869842529297,115.31959533691406,49.54869842529297,131.56309509277344
whitepaper2023_all.pdf,265,【第121-3-2】,39.54869842529297,132.81959533691406,49.54869842529297,149.06309509277344
whitepaper2023_all.pdf,265,【第121-3-3】,39.54869842529297,150.31959533691406,49.54869842529297,166.56309509277344
whitepaper2023_all.pdf,265,【第121-3-4】,39.54869842529297,167.81959533691406,49.54869842529297,184.06309509277344
whitepaper2023_all.pdf,265,【第121-3-5】,39.54869842529297,185.31959533691406,49.54869842529297,201.56309509277344
whitepaper2023_all.pdf,265,【第121-3-6】,39.54869842529297,202.81959533691406,49.54869842529297,219.06309509277344
whitepaper2023_all.pdf,265,【第121-3-7】,39.54869842529297,220.31959533691406,49.54869842529297,236.56309509277344
whitepaper2023_all.pdf,265,【第121-3-8】,39.54869842529297,237.81959533691406,49.54869842529297,254.06309509277344
whitepaper2023_all.pdf,265,【第121-3-9】,39.54869842529297,255.31959533691406,49.54869842529297,271.5631103515625
whitepaper2023_all.pdf,265,【第121-3-10】,39.54869842529297,272.8196105957031,50.54869842529297,289.0631103515625
whitepaper2023_all.pdf,265,【第121-3-11】,39.54869842529297,290.3196105957031,50.54869842529297,306.5631103515625
whitepaper2023_all.pdf,265,【第121-4-1】,39.54869842529297,307.8196105957031,49.54869842529297,324.0631103515625
whitepaper2023_all.pdf,265,【第121-4-2】,39.54869842529297,325.3196105957031,49.54869842529297,341.5631103515625
whitepaper2023_all.pdf,265,【第122-1-1】,39.54869842529297,342.8196105957031,49.54869842529297,359.0631408691406
whitepaper2023_all.pdf,265,【第122-1-2】,39.54869842529297,360.3196105957031,49.54869842529297,376.5631103515625
whitepaper2023_all.pdf,265,【第122-1-3】,39.54869842529297,377.8196105957031,49.54869842529297,394.0631103515625
whitepaper2023_all.pdf,265,【第122-1-4】,39.54869842529297,395.3196105957031,49.54869842529297,411.5631103515625
whitepaper2023_all.pdf,265,【第122-1-5】,39.54869842529297,412.8196105957031,49.54869842529297,429.0631103515625
whitepaper2023_all.pdf,265,【第122-1-6】,39.54869842529297,430.3196105957031,49.54869842529297,446.5631103515625
whitepaper2023_all.pdf,265,【第122-1-7】,39.54869842529297,447.8196105957031,49.54869842529297,464.0631103515625
whitepaper2023_all.pdf,265,【第122-1-8】,39.54869842529297,482.8196105957031,49.54869842529297,499.0631103515625
whitepaper2023_all.pdf,265,【第122-1-9】,39.54869842529297,500.3196105957031,49.54869842529297,516.5631103515625
whitepaper2023_all.pdf,265,【第122-1-10】,39.54869842529297,517.819580078125,50.54869842529297,534.0631103515625
whitepaper2023_all.pdf,265,【第122-1-11】,39.54869842529297,535.319580078125,50.54869842529297,551.5631103515625
whitepaper2023_all.pdf,265,【第122-1-12】,39.54869842529297,552.819580078125,50.54869842529297,569.0631103515625
whitepaper2023_all.pdf,265,【第122-2-1】,39.54869842529297,570.319580078125,49.54869842529297,586.5631103515625
whitepaper2023_all.pdf,265,【第122-2-2】,39.54869842529297,587.8196411132812,49.54869842529297,604.0631713867188
whitepaper2023_all.pdf,265,【第122-2-3】,39.54869842529297,605.3196411132812,49.54869842529297,621.5631713867188
whitepaper2023_all.pdf,265,【第122-2-4】,39.54869842529297,622.8196411132812,49.54869842529297,639.0631713867188
whitepaper2023_all.pdf,265,【第122-2-5】,39.54869842529297,640.3196411132812,49.54869842529297,656.5631713867188
whitepaper2023_all.pdf,265,【第122-2-6】,39.54869842529297,657.8196411132812,49.54869842529297,674.0631713867188
whitepaper2023_all.pdf,265,【第122-2-7】,39.54869842529297,675.3196411132812,49.54869842529297,691.5631713867188
whitepaper2023_all.pdf,265,【第122-2-8】,39.54869842529297,692.8196411132812,49.54869842529297,709.0631713867188
whitepaper2023_all.pdf,265,【第122-2-9】,39.54869842529297,710.319580078125,49.54869842529297,726.5631103515625
whitepaper2023_all.pdf,266,【第131-1-1】,39.54970169067383,80.32307434082031,49.54970169067383,96.56657409667969
whitepaper2023_all.pdf,266,【第131-1-2】,39.54970169067383,97.81959533691406,49.54970169067383,114.06309509277344
whitepaper2023_all.pdf,266,【第131-1-3】,39.54970169067383,115.31959533691406,49.54970169067383,131.56309509277344
whitepaper2023_all.pdf,266,【第131-1-4】,39.54970169067383,132.81959533691406,49.54970169067383,149.06309509277344
whitepaper2023_all.pdf,266,【第131-1-5】,39.54970169067383,150.31959533691406,49.54970169067383,166.56309509277344
whitepaper2023_all.pdf,266,【第131-2-1】,39.54970169067383,167.81959533691406,49.54970169067383,184.06309509277344
whitepaper2023_all.pdf,266,【第131-2-2】,39.54970169067383,185.31959533691406,49.54970169067383,201.56309509277344
whitepaper2023_all.pdf,266,【第131-3-1】,39.54970169067383,202.81959533691406,49.54970169067383,219.06309509277344
whitepaper2023_all.pdf,266,【第131-3-2】,39.54970169067383,220.31959533691406,49.54970169067383,236.56309509277344
whitepaper2023_all.pdf,266,【第132-1-1】,39.54970169067383,237.81959533691406,49.54970169067383,254.06309509277344
whitepaper2023_all.pdf,266,【第132-1-2】,39.54970169067383,255.31959533691406,49.54970169067383,272.1960144042969
whitepaper2023_all.pdf,266,【第132-1-3】,39.54970169067383,272.8196105957031,49.54970169067383,289.6960144042969
whitepaper2023_all.pdf,266,【第132-1-4】,39.54970169067383,290.3196105957031,49.54970169067383,307.1960144042969
whitepaper2023_all.pdf,266,【第132-1-5】,39.54970169067383,307.8196105957031,49.54970169067383,324.6960144042969
whitepaper2023_all.pdf,266,【第132-1-6】,39.54970169067383,325.3196105957031,49.54970169067383,342.19598388671875
whitepaper2023_all.pdf,266,【第132-1-7】,39.54970169067383,342.8196105957031,49.54970169067383,359.0631103515625
whitepaper2023_all.pdf,266,【第132-2-1】,39.54970169067383,360.3196105957031,49.54970169067383,376.5631103515625
whitepaper2023_all.pdf,266,【第132-2-2】,39.54970169067383,377.8196105957031,49.54970169067383,394.0631103515625
whitepaper2023_all.pdf,266,【第132-2-3】,39.54970169067383,412.8196105957031,49.54970169067383,429.0631103515625
whitepaper2023_all.pdf,266,【第132-3-1】,39.54970169067383,430.3196105957031,49.54970169067383,446.5631103515625
whitepaper2023_all.pdf,266,【第211-1-1】,39.54970169067383,522.5081176757812,49.54970169067383,538.7516479492188
whitepaper2023_all.pdf,266,【第211-1-2】,39.54970169067383,540.0045776367188,49.54970169067383,556.2481079101562
whitepaper2023_all.pdf,266,【第211-1-3】,39.54970169067383,557.5045776367188,49.54970169067383,573.7481079101562
whitepaper2023_all.pdf,266,【第211-2-1】,39.54970169067383,575.0046997070312,49.54970169067383,591.2482299804688
whitepaper2023_all.pdf,266,【第211-2-2】,39.54970169067383,592.5046997070312,49.54970169067383,608.7482299804688
whitepaper2023_all.pdf,266,【第211-3-1】,39.54970169067383,610.0046997070312,49.54970169067383,626.2482299804688
whitepaper2023_all.pdf,266,【第211-3-2】,39.54970169067383,627.5046997070312,49.54970169067383,643.7482299804688
whitepaper2023_all.pdf,266,【第211-3-3】,39.54970169067383,645.0046997070312,49.54970169067383,661.2482299804688
whitepaper2023_all.pdf,266,【第211-4-1】,39.54970169067383,662.5046997070312,49.54970169067383,678.7482299804688
whitepaper2023_all.pdf,266,【第212-1-1】,39.54970169067383,680.0046997070312,49.54970169067383,696.2482299804688
whitepaper2023_all.pdf,266,【第212-1-2】,39.54970169067383,697.5046997070312,49.54970169067383,713.7482299804688
whitepaper2023_all.pdf,266,【第212-1-3】,39.54970169067383,715.0046997070312,49.54970169067383,731.2482299804688
whitepaper2023_all.pdf,266,【第212-1-4】,39.54970169067383,732.5046997070312,49.54970169067383,748.7482299804688
whitepaper2023_all.pdf,266,【第212-1-5】,39.54970169067383,750.0046997070312,49.54970169067383,766.2482299804688
whitepaper2023_all.pdf,267,【第212-1-6】,39.54869842529297,62.81959533691406,49.54869842529297,79.06309509277344
whitepaper2023_all.pdf,267,【第212-1-7】,39.54869842529297,80.31959533691406,49.54869842529297,96.56309509277344
whitepaper2023_all.pdf,267,【第212-1-8】,39.54869842529297,97.81959533691406,49.54869842529297,114.06309509277344
whitepaper2023_all.pdf,267,【第212-1-9】,39.54869842529297,115.31959533691406,49.54869842529297,131.56309509277344
whitepaper2023_all.pdf,267,【第212-1-10】,39.54869842529297,132.81959533691406,50.54869842529297,149.06309509277344
whitepaper2023_all.pdf,267,【第212-2-1】,39.54869842529297,150.31959533691406,49.54869842529297,166.56309509277344
whitepaper2023_all.pdf,267,【第212-2-2】,39.54869842529297,167.81959533691406,49.54869842529297,184.06309509277344
whitepaper2023_all.pdf,267,【第212-2-3】,39.54869842529297,185.31959533691406,49.54869842529297,201.56309509277344
whitepaper2023_all.pdf,267,【第212-2-4】,39.54869842529297,202.81959533691406,49.54869842529297,219.06309509277344
whitepaper2023_all.pdf,267,【第212-2-5】,39.54869842529297,220.31959533691406,49.54869842529297,236.56309509277344
whitepaper2023_all.pdf,267,【第212-2-6】,39.54869842529297,237.81959533691406,49.54869842529297,254.06309509277344
whitepaper2023_all.pdf,267,【第212-2-7】,39.54869842529297,255.31959533691406,49.54869842529297,271.5631103515625
whitepaper2023_all.pdf,267,【第212-3-1】,39.54869842529297,272.8196105957031,49.54869842529297,289.0631103515625
whitepaper2023_all.pdf,267,【第212-3-2】,39.54869842529297,290.3196105957031,49.54869842529297,306.5631103515625
whitepaper2023_all.pdf,267,【第212-3-3】,39.54869842529297,307.8196105957031,49.54869842529297,324.0631103515625
whitepaper2023_all.pdf,267,【第212-3-4】,39.54869842529297,325.3196105957031,49.54869842529297,341.5631103515625
whitepaper2023_all.pdf,267,【第212-3-5】,39.54869842529297,342.8196105957031,49.54869842529297,359.0631103515625
whitepaper2023_all.pdf,267,【第212-3-6】,39.54869842529297,360.3196105957031,49.54869842529297,376.5631103515625
whitepaper2023_all.pdf,267,【第212-3-7】,39.54869842529297,377.8196105957031,49.54869842529297,394.0631103515625
whitepaper2023_all.pdf,267,【第212-3-8】,39.54869842529297,395.3196105957031,49.54869842529297,411.5631103515625
whitepaper2023_all.pdf,267,【第212-3-9】,39.54869842529297,412.8196105957031,49.54869842529297,429.0631103515625
whitepaper2023_all.pdf,267,【第213-1-1】,39.54869842529297,430.3196105957031,49.54869842529297,446.5631103515625
whitepaper2023_all.pdf,267,【第213-1-2】,39.54869842529297,447.8196105957031,49.54869842529297,464.0631103515625
whitepaper2023_all.pdf,267,【第213-1-3】,39.54869842529297,465.3196105957031,49.54869842529297,481.5631103515625
whitepaper2023_all.pdf,267,【第213-1-4】,39.54869842529297,482.8196105957031,49.54869842529297,499.0631103515625
whitepaper2023_all.pdf,267,【第213-1-5】,39.54869842529297,500.3196105957031,49.54869842529297,516.5631103515625
whitepaper2023_all.pdf,267,【第213-1-6】,39.54869842529297,517.819580078125,49.54869842529297,534.0631103515625
whitepaper2023_all.pdf,267,【第213-1-7】,39.54869842529297,535.319580078125,49.54869842529297,551.5631103515625
whitepaper2023_all.pdf,267,【第213-1-8】,39.54869842529297,552.819580078125,49.54869842529297,569.0631103515625
whitepaper2023_all.pdf,267,【第213-1-9】,39.54869842529297,570.319580078125,49.54869842529297,586.5631103515625
whitepaper2023_all.pdf,267,【第213-1-10】,39.54869842529297,587.8196411132812,50.54869842529297,604.0631713867188
whitepaper2023_all.pdf,267,【第213-1-11】,39.54869842529297,605.3196411132812,50.54869842529297,621.5631713867188
whitepaper2023_all.pdf,267,【第213-1-12】,39.54869842529297,622.8196411132812,50.54869842529297,639.0631713867188
whitepaper2023_all.pdf,267,【第213-1-13】,39.54869842529297,640.3196411132812,50.54869842529297,656.5631713867188
whitepaper2023_all.pdf,267,【第213-1-14】,39.54869842529297,657.8196411132812,50.54869842529297,674.0631713867188
whitepaper2023_all.pdf,267,【第213-1-15】,39.54869842529297,675.3196411132812,50.54869842529297,691.5631713867188
whitepaper2023_all.pdf,267,【第213-1-16】,39.54869842529297,692.8196411132812,50.54869842529297,709.0631713867188
whitepaper2023_all.pdf,267,【第213-1-17】,39.54869842529297,710.319580078125,50.54869842529297,726.5631103515625
whitepaper2023_all.pdf,267,【第213-1-18】,39.54869842529297,727.819580078125,50.54869842529297,744.0631103515625
whitepaper2023_all.pdf,267,【第213-1-19】,39.54869842529297,745.319580078125,50.54869842529297,761.5631103515625
whitepaper2023_all.pdf,268,【第213-1-20】,39.54970169067383,62.81959533691406,50.54970169067383,79.06309509277344
whitepaper2023_all.pdf,268,【第213-1-21】,39.54970169067383,80.31959533691406,50.54970169067383,96.56309509277344
whitepaper2023_all.pdf,268,【第213-1-22】,39.54970169067383,97.81959533691406,50.54970169067383,114.06309509277344
whitepaper2023_all.pdf,268,【第213-1-23】,39.54970169067383,115.31959533691406,50.54970169067383,131.56309509277344
whitepaper2023_all.pdf,268,【第213-1-24】,39.54970169067383,132.81959533691406,50.54970169067383,149.06309509277344
whitepaper2023_all.pdf,268,【第213-2-1】,39.54970169067383,150.31959533691406,49.54970169067383,166.56309509277344
whitepaper2023_all.pdf,268,【第213-2-2】,39.54970169067383,167.81959533691406,49.54970169067383,184.06309509277344
whitepaper2023_all.pdf,268,【第213-2-3】,39.54970169067383,185.31959533691406,49.54970169067383,201.56309509277344
whitepaper2023_all.pdf,268,【第213-2-4】,39.54970169067383,202.81959533691406,49.54970169067383,219.06309509277344
whitepaper2023_all.pdf,268,【第213-2-5】,39.54970169067383,220.31959533691406,49.54970169067383,236.56309509277344
whitepaper2023_all.pdf,268,【第213-2-6】,39.54970169067383,237.81959533691406,49.54970169067383,254.06309509277344
whitepaper2023_all.pdf,268,【第213-2-7】,39.54970169067383,255.31959533691406,49.54970169067383,271.5631103515625
whitepaper2023_all.pdf,268,【第213-2-8】,39.54970169067383,272.8196105957031,49.54970169067383,289.0631103515625
whitepaper2023_all.pdf,268,【第213-2-9】,39.54970169067383,290.3196105957031,49.54970169067383,306.5631103515625
whitepaper2023_all.pdf,268,【第213-2-10】,39.54970169067383,307.8196105957031,50.54970169067383,324.0631103515625
whitepaper2023_all.pdf,268,【第213-2-11】,39.54970169067383,325.3196105957031,50.54970169067383,341.5631103515625
whitepaper2023_all.pdf,268,【第213-2-12】,39.54970169067383,342.8196105957031,50.54970169067383,359.0631103515625
whitepaper2023_all.pdf,268,【第213-2-13】,39.54970169067383,360.3196105957031,50.54970169067383,376.5631103515625
whitepaper2023_all.pdf,268,【第213-2-14】,39.54970169067383,377.8196105957031,50.54970169067383,394.0631103515625
whitepaper2023_all.pdf,268,【第213-2-15】,39.54970169067383,395.3196105957031,50.54970169067383,411.5631103515625
whitepaper2023_all.pdf,268,【第213-2-16】,39.54970169067383,412.8196105957031,50.54970169067383,429.0631103515625
whitepaper2023_all.pdf,268,【第213-2-17】,39.54970169067383,430.3196105957031,50.54970169067383,446.5631103515625
whitepaper2023_all.pdf,268,【第213-2-18】,39.54970169067383,447.8196105957031,50.54970169067383,464.0631103515625
whitepaper2023_all.pdf,268,【第213-2-19】,39.54970169067383,465.3196105957031,50.54970169067383,481.5631103515625
whitepaper2023_all.pdf,268,【第213-2-20】,39.54970169067383,482.8196105957031,50.54970169067383,499.0631103515625
whitepaper2023_all.pdf,268,【第213-2-21】,39.54970169067383,500.3196105957031,50.54970169067383,516.5631103515625
whitepaper2023_all.pdf,268,【第213-2-22】,39.54970169067383,517.819580078125,50.54970169067383,534.0631103515625
whitepaper2023_all.pdf,268,【第213-2-23】,39.54970169067383,535.319580078125,50.54970169067383,551.5631103515625
whitepaper2023_all.pdf,268,【第213-2-24】,39.54970169067383,552.819580078125,50.54970169067383,569.0631103515625
whitepaper2023_all.pdf,268,【第213-2-25】,39.54970169067383,570.319580078125,50.54970169067383,586.5631103515625
whitepaper2023_all.pdf,268,【第213-2-26】,39.54970169067383,587.8196411132812,50.54970169067383,604.0631713867188
whitepaper2023_all.pdf,268,【第213-3-1】,39.54970169067383,605.3196411132812,49.54970169067383,621.5631713867188
whitepaper2023_all.pdf,268,【第213-3-2】,39.54970169067383,622.8196411132812,49.54970169067383,639.0631713867188
whitepaper2023_all.pdf,268,【第213-3-3】,39.54970169067383,640.3196411132812,49.54970169067383,656.5631713867188
whitepaper2023_all.pdf,268,【第213-3-4】,39.54970169067383,657.819580078125,49.54970169067383,674.6959838867188
whitepaper2023_all.pdf,268,【第213-3-5】,39.54970169067383,675.3196411132812,49.54970169067383,691.5631713867188
whitepaper2023_all.pdf,268,【第214-1-1】,39.54970169067383,692.8196411132812,49.54970169067383,709.0631713867188
whitepaper2023_all.pdf,268,【第214-1-2】,39.54970169067383,710.319580078125,49.54970169067383,726.5631103515625
whitepaper2023_all.pdf,268,【第214-1-3】,39.54970169067383,727.819580078125,49.54970169067383,744.0631103515625
whitepaper2023_all.pdf,268,【第214-1-4】,39.54970169067383,745.319580078125,49.54970169067383,761.5631103515625
whitepaper2023_all.pdf,269,【第214-1-5】,39.54869842529297,62.81959533691406,49.54869842529297,79.06309509277344
whitepaper2023_all.pdf,269,【第214-1-6】,39.54869842529297,80.31959533691406,49.54869842529297,96.56309509277344
whitepaper2023_all.pdf,269,【第214-1-7】,39.54869842529297,97.81959533691406,49.54869842529297,114.06309509277344
whitepaper2023_all.pdf,269,【第214-1-8】,39.54869842529297,115.31959533691406,49.54869842529297,131.56309509277344
whitepaper2023_all.pdf,269,【第214-1-9】,39.54869842529297,132.81959533691406,49.54869842529297,149.06309509277344
whitepaper2023_all.pdf,269,【第214-1-10】,39.54869842529297,150.31959533691406,50.54869842529297,166.56309509277344
whitepaper2023_all.pdf,269,【第214-1-11】,39.54869842529297,167.81959533691406,50.54869842529297,184.06309509277344
whitepaper2023_all.pdf,269,【第214-1-12】,39.54869842529297,185.31959533691406,50.54869842529297,201.56309509277344
whitepaper2023_all.pdf,269,【第214-1-13】,39.54869842529297,202.81959533691406,50.54869842529297,219.06309509277344
whitepaper2023_all.pdf,269,【第214-2-1】,39.54869842529297,220.31959533691406,49.54869842529297,236.56309509277344
whitepaper2023_all.pdf,269,【第214-2-2】,39.54869842529297,237.81959533691406,49.54869842529297,254.06309509277344
whitepaper2023_all.pdf,269,【第214-2-3】,39.54869842529297,255.31959533691406,49.54869842529297,271.5631103515625
whitepaper2023_all.pdf,269,【第214-2-4】,39.54869842529297,272.8196105957031,49.54869842529297,289.0631103515625
whitepaper2023_all.pdf,269,【第214-2-5】,39.54869842529297,290.3196105957031,49.54869842529297,306.5631103515625
whitepaper2023_all.pdf,269,【第214-2-6】,39.54869842529297,307.8196105957031,49.54869842529297,324.0631103515625
whitepaper2023_all.pdf,269,【第214-2-7】,39.54869842529297,325.3196105957031,49.54869842529297,341.5631103515625
whitepaper2023_all.pdf,269,【第214-2-8】,39.54869842529297,342.8196105957031,49.54869842529297,359.0631103515625
whitepaper2023_all.pdf,269,【第214-2-9】,39.54869842529297,360.3196105957031,49.54869842529297,376.5631103515625
whitepaper2023_all.pdf,269,【第214-3-1】,39.54869842529297,377.8196105957031,49.54869842529297,394.0631103515625
whitepaper2023_all.pdf,269,【第214-3-2】,39.54869842529297,395.3196105957031,49.54869842529297,411.5631103515625
whitepaper2023_all.pdf,269,【第214-4-1】,39.54869842529297,412.8196105957031,49.54869842529297,429.0631103515625
whitepaper2023_all.pdf,269,【第214-4-2】,39.54869842529297,430.3196105957031,49.54869842529297,446.5631103515625
whitepaper2023_all.pdf,269,【第214-4-3】,39.54869842529297,447.8196105957031,49.54869842529297,464.0631103515625
whitepaper2023_all.pdf,269,【第214-4-4】,39.54869842529297,465.3196105957031,49.54869842529297,481.5631103515625
whitepaper2023_all.pdf,269,【第221-1-1】,39.54869842529297,520.1655883789062,49.54869842529297,536.4091186523438
whitepaper2023_all.pdf,269,【第221-1-2】,39.54869842529297,537.6620483398438,49.54869842529297,553.9055786132812
whitepaper2023_all.pdf,269,【第221-1-3】,39.54869842529297,555.1620483398438,49.54869842529297,571.4055786132812
whitepaper2023_all.pdf,269,【第221-1-4】,39.54869842529297,572.662109375,49.54869842529297,588.9056396484375
whitepaper2023_all.pdf,269,【第221-1-5】,39.54869842529297,590.162109375,49.54869842529297,606.4056396484375
whitepaper2023_all.pdf,269,【第222-1-1】,39.54869842529297,607.662109375,49.54869842529297,623.9056396484375
whitepaper2023_all.pdf,269,【第222-1-2】,39.54869842529297,625.162109375,49.54869842529297,641.4056396484375
whitepaper2023_all.pdf,269,【第222-1-3】,39.54869842529297,642.662109375,49.54869842529297,658.9056396484375
whitepaper2023_all.pdf,269,【第222-1-4】,39.54869842529297,660.162109375,49.54869842529297,676.4056396484375
whitepaper2023_all.pdf,269,【第222-1-5】,39.54869842529297,677.662109375,49.54869842529297,693.9056396484375
whitepaper2023_all.pdf,269,【第222-1-6】,39.54869842529297,695.162109375,49.54869842529297,711.4056396484375
whitepaper2023_all.pdf,269,【第222-1-7】,39.54869842529297,712.662109375,49.54869842529297,728.9056396484375
whitepaper2023_all.pdf,269,【第222-1-8】,39.54869842529297,730.162109375,49.54869842529297,746.4056396484375
whitepaper2023_all.pdf,269,【第222-1-9】,39.54869842529297,747.662109375,49.54869842529297,763.9056396484375
whitepaper2023_all.pdf,270,【第222-1-10】,39.54970169067383,62.81959533691406,50.54970169067383,79.06309509277344
whitepaper2023_all.pdf,270,【第222-1-11】,39.54970169067383,80.31959533691406,50.54970169067383,96.56309509277344
whitepaper2023_all.pdf,270,【第222-1-12】,39.54970169067383,97.81959533691406,50.54970169067383,114.06309509277344
whitepaper2023_all.pdf,270,【第222-1-13】,39.54970169067383,115.31959533691406,50.54970169067383,131.56309509277344
whitepaper2023_all.pdf,270,【第222-1-14】,39.54970169067383,132.81959533691406,50.54970169067383,149.06309509277344
whitepaper2023_all.pdf,270,【第222-1-15】,39.54970169067383,150.31959533691406,50.54970169067383,166.56309509277344
whitepaper2023_all.pdf,270,【第222-1-16】,39.54970169067383,167.81959533691406,50.54970169067383,184.06309509277344
whitepaper2023_all.pdf,270,【第222-1-17】,39.54970169067383,185.31959533691406,50.54970169067383,201.56309509277344
whitepaper2023_all.pdf,270,【第222-1-18】,39.54970169067383,202.81959533691406,50.54970169067383,219.06309509277344
whitepaper2023_all.pdf,270,【第222-1-19】,39.54970169067383,220.31959533691406,50.54970169067383,236.56309509277344
whitepaper2023_all.pdf,270,【第222-1-20】,39.54970169067383,237.81959533691406,50.54970169067383,254.06309509277344
whitepaper2023_all.pdf,270,【第222-1-21】,39.54970169067383,255.31959533691406,50.54970169067383,271.5631103515625
whitepaper2023_all.pdf,270,【第222-1-22】,39.54970169067383,272.8196105957031,50.54970169067383,289.0631103515625
whitepaper2023_all.pdf,270,【第222-1-23】,39.54970169067383,290.3196105957031,50.54970169067383,306.5631103515625
whitepaper2023_all.pdf,270,【第222-1-24】,39.54970169067383,307.8196105957031,50.54970169067383,324.0631103515625
whitepaper2023_all.pdf,270,【第222-1-25】,39.54970169067383,325.3196105957031,50.54970169067383,341.5631103515625
whitepaper2023_all.pdf,270,【第222-1-26】,39.54970169067383,342.8196105957031,50.54970169067383,359.0631103515625
whitepaper2023_all.pdf,270,【第222-1-27】,39.54970169067383,360.3196105957031,50.54970169067383,376.5631103515625
whitepaper2023_all.pdf,270,【第222-1-28】,39.54970169067383,377.8196105957031,50.54970169067383,394.0631103515625
whitepaper2023_all.pdf,270,【第222-1-29】,39.54970169067383,395.3196105957031,50.54970169067383,411.5631103515625
whitepaper2023_all.pdf,270,【第222-1-30】,39.54970169067383,412.8196105957031,50.54970169067383,429.0631103515625
whitepaper2023_all.pdf,270,【第222-1-31】,39.54970169067383,430.3196105957031,50.54970169067383,446.5631103515625
whitepaper2023_all.pdf,270,【第222-1-32】,39.54970169067383,447.8196105957031,50.54970169067383,464.0631103515625
whitepaper2023_all.pdf,270,【第222-1-33】,39.54970169067383,465.3196105957031,50.54970169067383,481.5631103515625
whitepaper2023_all.pdf,270,【第222-1-34】,39.54970169067383,482.8196105957031,50.54970169067383,499.0631103515625
whitepaper2023_all.pdf,270,【第222-1-35】,39.54970169067383,500.3196105957031,50.54970169067383,516.5631103515625
whitepaper2023_all.pdf,270,【第222-1-36】,39.54970169067383,517.819580078125,50.54970169067383,534.0631103515625
whitepaper2023_all.pdf,270,【第222-1-37】,39.54970169067383,535.319580078125,50.54970169067383,551.5631103515625
whitepaper2023_all.pdf,270,【第222-1-38】,39.54970169067383,552.819580078125,50.54970169067383,569.0631103515625
whitepaper2023_all.pdf,270,【第222-1-39】,39.54970169067383,570.319580078125,50.54970169067383,586.5631103515625
whitepaper2023_all.pdf,270,【第222-1-40】,39.54970169067383,587.8196411132812,50.54970169067383,604.0631713867188
whitepaper2023_all.pdf,270,【第222-1-41】,39.54970169067383,605.3196411132812,50.54970169067383,621.5631713867188
whitepaper2023_all.pdf,270,【第222-2-1】,39.54970169067383,622.8196411132812,49.54970169067383,639.0631713867188
whitepaper2023_all.pdf,270,【第222-2-2】,39.54970169067383,640.3196411132812,49.54970169067383,656.5631713867188
whitepaper2023_all.pdf,270,【第222-2-3】,39.54970169067383,657.8196411132812,49.54970169067383,674.0631713867188
whitepaper2023_all.pdf,270,【第222-2-4】,39.54970169067383,675.3196411132812,49.54970169067383,691.5631713867188
whitepaper2023_all.pdf,270,【第222-2-5】,39.54970169067383,692.8196411132812,49.54970169067383,709.0631713867188
whitepaper2023_all.pdf,270,【第222-2-6】,39.54970169067383,710.319580078125,49.54970169067383,726.5631103515625
whitepaper2023_all.pdf,270,【第222-2-7】,39.54970169067383,727.819580078125,49.54970169067383,744.696044921875
whitepaper2023_all.pdf,270,【第222-2-8】,39.54970169067383,745.319580078125,49.54970169067383,761.5631103515625
whitepaper2023_all.pdf,271,【第222-2-9】,39.54869842529297,62.81959533691406,49.54869842529297,79.06309509277344
whitepaper2023_all.pdf,271,【第222-2-10】,39.54869842529297,80.31959533691406,50.54869842529297,96.56309509277344
whitepaper2023_all.pdf,271,【第222-2-11】,39.54869842529297,97.81959533691406,50.54869842529297,114.06309509277344
whitepaper2023_all.pdf,271,【第222-2-12】,39.54869842529297,115.31959533691406,50.54869842529297,131.56309509277344
whitepaper2023_all.pdf,271,【第222-2-13】,39.54869842529297,132.81959533691406,50.54869842529297,149.06309509277344
whitepaper2023_all.pdf,271,【第222-2-14】,39.54869842529297,150.31959533691406,50.54869842529297,166.56309509277344
whitepaper2023_all.pdf,271,【第222-2-15】,39.54869842529297,167.81959533691406,50.54869842529297,184.06309509277344
whitepaper2023_all.pdf,271,【第222-2-16】,39.54869842529297,185.31959533691406,50.54869842529297,201.56309509277344
whitepaper2023_all.pdf,271,【第223-1-1】,39.54869842529297,202.81959533691406,49.54869842529297,219.06309509277344
whitepaper2023_all.pdf,271,【第223-1-2】,39.54869842529297,220.31959533691406,49.54869842529297,236.56309509277344
whitepaper2023_all.pdf,271,【第223-1-3】,39.54869842529297,237.81959533691406,49.54869842529297,254.06309509277344
whitepaper2023_all.pdf,271,【第223-1-4】,39.54869842529297,255.31959533691406,49.54869842529297,271.5631103515625
whitepaper2023_all.pdf,271,【第223-1-5】,39.54869842529297,272.8196105957031,49.54869842529297,289.0631103515625
whitepaper2023_all.pdf,271,【第223-1-6】,39.54869842529297,290.3196105957031,49.54869842529297,306.5631103515625
whitepaper2023_all.pdf,271,【第223-1-7】,39.54869842529297,307.8196105957031,49.54869842529297,324.0631103515625
whitepaper2023_all.pdf,271,【第223-1-8】,39.54869842529297,325.3196105957031,49.54869842529297,341.5631103515625
whitepaper2023_all.pdf,271,【第223-3-1】,39.54869842529297,342.8196105957031,49.54869842529297,359.0631103515625
whitepaper2023_all.pdf,271,【第223-4-1】,39.54869842529297,360.3196105957031,49.54869842529297,376.5631103515625
whitepaper2023_all.pdf,271,【第223-4-2】,39.54869842529297,377.8196105957031,49.54869842529297,394.0631103515625
whitepaper2023_all.pdf,271,【第224-1-1】,39.54869842529297,395.3196105957031,49.54869842529297,411.5631103515625
whitepaper2023_all.pdf,271,【第224-2-1】,39.54869842529297,412.8196105957031,49.54869842529297,429.0631103515625
whitepaper2023_all.pdf,271,【第224-3-1】,39.54869842529297,430.3196105957031,49.54869842529297,446.5631103515625
whitepaper2023_all.pdf,271,【第224-4-1】,39.54869842529297,447.8196105957031,49.54869842529297,464.0631103515625
whitepaper2023_all.pdf,271,【第224-5-1】,39.54869842529297,465.3196105957031,49.54869842529297,481.5631103515625
whitepaper2023_all.pdf,271,【第224-6-1】,39.54869842529297,482.8196105957031,49.54869842529297,499.0631103515625
whitepaper2023_all.pdf,271,【第314-3-1】,39.54869842529297,575.0081176757812,49.54869842529297,591.2516479492188
whitepaper2023_all.pdf,271,【第323-4-1】,39.54869842529297,629.8507080078125,49.54869842529297,646.09423828125
whitepaper2023_all.pdf,271,【第331-1-1】,39.54869842529297,684.6931762695312,49.54869842529297,700.9367065429688
whitepaper2023_all.pdf,271,【第331-1-2】,39.54869842529297,702.189697265625,49.54869842529297,718.4332275390625
whitepaper2023_all.pdf,271,【第331-2-1】,39.54869842529297,719.689697265625,49.54869842529297,735.9332275390625
whitepaper2023_all.pdf,271,【第331-5-1】,39.54869842529297,737.189697265625,49.54869842529297,753.4332275390625
whitepaper2023_all.pdf,271,【第331-5-2】,39.54869842529297,754.689697265625,49.54869842529297,770.9332275390625
whitepaper2023_all.pdf,272,【第331-5-3】,39.54970169067383,62.81959533691406,49.54970169067383,79.06309509277344
whitepaper2023_all.pdf,272,【第331-5-4】,39.54970169067383,80.31959533691406,49.54970169067383,96.56309509277344
whitepaper2023_all.pdf,272,【第332-1-1】,39.54970169067383,97.81959533691406,49.54970169067383,114.06309509277344
whitepaper2023_all.pdf,272,【第333-1-1】,39.54970169067383,115.31959533691406,49.54970169067383,131.56309509277344
whitepaper2023_all.pdf,272,【第333-1-2】,39.54970169067383,132.81959533691406,49.54970169067383,149.06309509277344
whitepaper2023_all.pdf,272,【第333-2-1】,39.54970169067383,150.31959533691406,49.54970169067383,166.56309509277344
whitepaper2023_all.pdf,272,【第344-1-1】,39.54970169067383,205.1656036376953,49.54970169067383,221.4091033935547
whitepaper2023_all.pdf,272,【第344-1-2】,39.54970169067383,222.66212463378906,49.54970169067383,238.90562438964844
whitepaper2023_all.pdf,272,【第344-1-3】,39.54970169067383,240.16212463378906,49.54970169067383,256.4056396484375
whitepaper2023_all.pdf,272,【第344-1-4】,39.54970169067383,257.6621398925781,49.54970169067383,273.9056396484375
whitepaper2023_all.pdf,272,【第361-4-1】,39.54970169067383,312.5080871582031,49.54970169067383,328.7515869140625
whitepaper2023_all.pdf,272,【第361-4-2】,39.54970169067383,330.0046081542969,49.54970169067383,346.24810791015625
whitepaper2023_all.pdf,272,【第361-4-3】,39.54970169067383,347.5046081542969,49.54970169067383,363.74810791015625
whitepaper2023_all.pdf,272,【第361-4-4】,39.54970169067383,365.0046081542969,49.54970169067383,381.24810791015625
whitepaper2023_all.pdf,272,【第361-4-5】,39.54970169067383,382.5046081542969,49.54970169067383,398.74810791015625
whitepaper2023_all.pdf,272,【第361-5-1】,39.54970169067383,400.0046081542969,49.54970169067383,416.24810791015625
whitepaper2023_all.pdf,272,【第361-5-2】,39.54970169067383,417.5046081542969,49.54970169067383,433.74810791015625
whitepaper2023_all.pdf,272,【第362-2-1】,39.54970169067383,435.0046081542969,49.54970169067383,451.24810791015625
whitepaper2023_all.pdf,272,【第362-2-2】,39.54970169067383,452.5046081542969,49.54970169067383,468.74810791015625
whitepaper2023_all.pdf,272,【第362-2-3】,39.54970169067383,470.0046081542969,49.54970169067383,486.24810791015625
whitepaper2023_all.pdf,272,【第362-2-4】,39.54970169067383,487.5046081542969,49.54970169067383,503.74810791015625
whitepaper2023_all.pdf,272,【第362-3-1】,39.54970169067383,505.0046081542969,49.54970169067383,521.2481079101562
whitepaper2023_all.pdf,272,【第362-4-1】,39.54970169067383,522.5045776367188,49.54970169067383,538.7481079101562
whitepaper2023_all.pdf,272,【第382-1-1】,39.54970169067383,577.3507080078125,49.54970169067383,593.59423828125
whitepaper2023_all.pdf,272,【第382-2-1】,39.54970169067383,594.8472290039062,49.54970169067383,611.0907592773438
whitepaper2023_all.pdf,272,【第382-2-2】,39.54970169067383,612.3472290039062,49.54970169067383,628.5907592773438
whitepaper2023_all.pdf,272,【第3111-1-1】,39.54970169067383,684.6931762695312,50.54970169067383,700.9367065429688
whitepaper2023_all.pdf,272,【第3111-1-2】,39.54970169067383,702.189697265625,50.54970169067383,718.4332275390625
確認.pdf,1,【第111-1-1】,37.29970169067383,64.42608642578125,47.29970169067383,77.45809173583984
確認.pdf,1,【第111-2-1】,107.38629913330078,512.6466064453125,117.38629913330078,525.6785888671875
確認.pdf,1,【第111-2-2】,302.976806640625,64.42608642578125,312.976806640625,77.45809173583984
